source,url,description,country,company,title
fin_news_nlp/yahoo_cad_tickers_news,https://ca.finance.yahoo.com/news/next-algonquin-power-stock-falls-173000980.html,Forget Algonquin Power. Canadian investors have a plenty of other safe options of dividend stocks. The post What’s Next for Algonquin Power Stock as it Falls to New Lows? appeared first on The Motley Fool Canada.,CAD,AQN.TO,The Motley Fool - What’s Next for Algonquin Power Stock as it Falls to New Lows?
fin_news_nlp/yahoo_cad_tickers_news,https://ca.finance.yahoo.com/news/avino-silver-gold-mines-ltd-124418748.html,"Avino Silver & Gold Mines' (TSE:ASM) stock is up by a considerable 42% over the past three months. However, we decided...",CAD,ASM.TO,Simply Wall St. - Avino Silver & Gold Mines Ltd.'s (TSE:ASM) Financials Are Too Obscure To Link With Current Share Price Momentum: What's In Store For the Stock?
fin_news_nlp/yahoo_cad_tickers_news,https://ca.finance.yahoo.com/news/want-1-375-per-quarter-140000488.html,"Top TSX dividend stocks such as Bank of Nova Scotia can help investors create a recurring stream of dividend income each year. The post Want $1,375 Per Quarter in Passive Income? 3 TSX Stocks That Do the Job appeared first on The Motley Fool Canada.",CAD,BNS.TO,"The Motley Fool - Want $1,375 Per Quarter in Passive Income? 3 TSX Stocks That Do the Job"
fin_news_nlp/yahoo_cad_tickers_news,https://ca.finance.yahoo.com/news/thing-investors-routinely-forget-passive-190000576.html,"Passive income from dividends is great, but investors continue to forget about this one thing that can demonstrate wealth far sooner. The post The Thing Investors Routinely Forget About Passive-Income Stocks appeared first on The Motley Fool Canada.",CAD,BCE.TO,The Motley Fool - The Thing Investors Routinely Forget About Passive-Income Stocks
fin_news_nlp/yahoo_cad_tickers_news,https://ca.finance.yahoo.com/news/1-canadian-ai-stock-too-171500343.html,Here’s why you may not want to miss buying this amazing Canadian AI stock at such a huge discount right now. The post 1 Canadian AI Stock That Is Too Cheap to Ignore appeared first on The Motley Fool Canada.,CAD,BB.TO,The Motley Fool - 1 Canadian AI Stock That Is Too Cheap to Ignore
fin_news_nlp/yahoo_cad_tickers_news,https://ca.finance.yahoo.com/news/blackberry-stock-buy-plunging-lows-200000528.html,BB stock is down for a reason. The post Is BlackBerry Stock a Buy After Plunging to New Lows? appeared first on The Motley Fool Canada.,CAD,BB.TO,The Motley Fool - Is BlackBerry Stock a Buy After Plunging to New Lows?
fin_news_nlp/yahoo_cad_tickers_news,https://ca.finance.yahoo.com/news/boyd-group-services-inc-appoints-220000202.html,"Boyd Group Services Inc. (TSX: BYD) (""BGSI"", ""Boyd"", or ""the Boyd Group"") is pleased to announce the appointment of Jeff Murray as interim CFO, effective January 1, 2023.",CAD,BYD.TO,CNW Group - BOYD GROUP SERVICES INC. APPOINTS INTERIM CFO
fin_news_nlp/yahoo_cad_tickers_news,https://ca.finance.yahoo.com/news/canacol-energy-tse-cne-announced-125311619.html,"The board of Canacol Energy Ltd ( TSE:CNE ) has announced that it will pay a dividend on the 16th of January, with...",CAD,CNE.TO,Simply Wall St. - Canacol Energy (TSE:CNE) Has Announced A Dividend Of $0.052
fin_news_nlp/yahoo_cad_tickers_news,https://ca.finance.yahoo.com/news/tfsa-investors-2-unstoppable-dividend-171500567.html,"Not only are these dividend stocks a great buy for passive income, but they're each a steal in terms of fundamentals for a solid rebound opportunity. The post TFSA Investors: 2 Unstoppable Dividend Stocks I’ll Buy Over and Over appeared first on The Motley Fool Canada.",CAD,CM.TO,The Motley Fool - TFSA Investors: 2 Unstoppable Dividend Stocks I’ll Buy Over and Over
fin_news_nlp/yahoo_cad_tickers_news,https://ca.finance.yahoo.com/news/tfsa-passive-income-2-high-150000186.html,Enbridge and CIBC pay attractive dividends that should continue to grow. The post TFSA Passive Income: 2 High-Yield Stocks to Buy on the Latest Dip appeared first on The Motley Fool Canada.,CAD,CM.TO,The Motley Fool - TFSA Passive Income: 2 High-Yield Stocks to Buy on the Latest Dip
fin_news_nlp/yahoo_cad_tickers_news,https://ca.finance.yahoo.com/news/single-best-pot-stock-buy-203000819.html,Canopy Growth Corp. (TSX:WEED) is still my favourite pot stock to snatch up in the final days of December 2022. The post The Single Best Pot Stock to Buy in December 2022 appeared first on The Motley Fool Canada.,CAD,WEED.TO,The Motley Fool - The Single Best Pot Stock to Buy in December 2022
fin_news_nlp/yahoo_cad_tickers_news,https://ca.finance.yahoo.com/news/2-travel-trend-stocks-ready-160000302.html,Identifying the right stocks at the peak of a bear market and buying them just ahead of a long-term bullish phase can be a powerful strategy for capital growth. The post 2 Travel-Trend Stocks Ready to Be Set in Motion appeared first on The Motley Fool Canada.,CAD,CJT.TO,The Motley Fool - 2 Travel-Trend Stocks Ready to Be Set in Motion
fin_news_nlp/yahoo_cad_tickers_news,https://ca.finance.yahoo.com/news/2-canadian-consumer-stocks-own-143000859.html,"Investors can seek safety first and own two Canadian consumer stocks, especially during a recession. The post 2 Canadian Consumer Stocks to Own, Especially if There’s a Recession appeared first on The Motley Fool Canada.",CAD,DOL.TO,"The Motley Fool - 2 Canadian Consumer Stocks to Own, Especially if There’s a Recession"
fin_news_nlp/yahoo_cad_tickers_news,https://ca.finance.yahoo.com/news/best-tsx-stocks-buy-1-160000377.html,"If you want to invest $1,000 in stocks that can grow significantly, here are two of the best TSX stocks to consider right now. The post The Best TSX Stocks to Buy With $1,000 Right Now appeared first on The Motley Fool Canada.",CAD,DOL.TO,"The Motley Fool - The Best TSX Stocks to Buy With $1,000 Right Now"
fin_news_nlp/yahoo_cad_tickers_news,https://ca.finance.yahoo.com/news/enbridge-enb-outpaces-stock-market-224510867.html,"Enbridge (ENB) closed at $39.49 in the latest trading session, marking a +1.7% move from the prior day.",CAD,ENB.TO,Zacks - Enbridge (ENB) Outpaces Stock Market Gains: What You Should Know
fin_news_nlp/yahoo_cad_tickers_news,https://ca.finance.yahoo.com/news/past-five-years-enerflex-tse-135558157.html,Enerflex Ltd. ( TSE:EFX ) shareholders will doubtless be very grateful to see the share price up 49% in the last...,CAD,EFX.TO,Simply Wall St. - The past five years for Enerflex (TSE:EFX) investors has not been profitable
fin_news_nlp/yahoo_cad_tickers_news,https://ca.finance.yahoo.com/news/exro-announces-major-milestone-linamar-123000251.html,"Exro Technologies Inc. (TSX: EXRO) (OTCQB: EXROF) (the ""Company"" or ""Exro""), a leading clean technology company that has developed new generation power electronics that change how the world optimizes energy by expanding the capabilities of electric motors and batteries, is pleased to provide an operational update highlighted by completion of phase one of its e-axle development project with strategic partner Linamar Corporation (TSX: LNR). The project now transitions to the second and final phase",CAD,EXRO.TO,CNW Group - Exro Announces Major Milestone with Linamar e-Axle Phase One Project Completion and Provides Operational Update
fin_news_nlp/yahoo_cad_tickers_news,https://ca.finance.yahoo.com/news/fidelity-investments-canada-ulc-announces-223000055.html,"Fidelity Investments Canada ULC (""Fidelity"") today announced the final December 2022 cash distributions for Fidelity's suite of ETFs (""Fidelity ETFs"").",CAD,FBTC.TO,CNW Group - Fidelity Investments Canada ULC Announces Final December 2022 Cash Distributions for Fidelity ETFs
fin_news_nlp/yahoo_cad_tickers_news,https://ca.finance.yahoo.com/news/fidelity-investments-canada-ulc-announces-223000355.html,"Fidelity Investments Canada ULC (""Fidelity"") today announced the final 2022 annual reinvested capital gains distributions for Fidelity's suite of ETFs (""Fidelity ETFs""). Please be advised that the distributions announced in this press release replace those stated in the November 24, 2022 and December 19, 2022 press releases for the Fidelity ETFs.",CAD,FBTC.TO,CNW Group - Fidelity Investments Canada ULC Announces Final 2022 Annual Reinvested Capital Gains Distributions for Fidelity ETFs
fin_news_nlp/yahoo_cad_tickers_news,https://ca.finance.yahoo.com/news/income-500-invest-4-869-150000126.html,"This dividend stock yields a whopping 10.11% as of writing, and it would only take under $5K to create $500 in passive income per year. The post For Income of $500 a Year, Invest $4,869 in This Dividend Stock Today appeared first on The Motley Fool Canada.",CAD,FSZ.TO,"The Motley Fool - For Income of $500 a Year, Invest $4,869 in This Dividend Stock Today"
fin_news_nlp/yahoo_cad_tickers_news,https://ca.finance.yahoo.com/news/firm-capital-mortgage-investment-tse-121712070.html,Firm Capital Mortgage Investment Corporation ( TSE:FC ) has announced that it will pay a dividend of CA$0.092 per share...,CAD,FC.TO,Simply Wall St. - Firm Capital Mortgage Investment (TSE:FC) Is Paying Out A Dividend Of CA$0.092
fin_news_nlp/yahoo_cad_tickers_news,https://ca.finance.yahoo.com/news/1-canadian-miner-first-quantum-161524569.html,"Canada-based miner First Quantum Minerals Ltd and its subsidiary Minera Panama started arbitration processes against Panama, the country's ministry of commerce and industry said on Saturday, as the two sides have been locked in a disagreement over payments and mine operations.  Panama's government on Monday ordered First Quantum to pause operations at its flagship Cobre Panama copper mine after the company missed a deadline to finalize a deal that would have increased payments to the government by at least $375 million.",CAD,FM.TO," - UPDATE 1-Canadian miner First Quantum starts arbitration against Panama, says government"
fin_news_nlp/yahoo_cad_tickers_news,https://ca.finance.yahoo.com/news/canadian-miner-first-quantum-starts-155017177.html,"PANAMA CITY (Reuters) -Canada-based miner First Quantum Minerals Ltd and its subsidiary Minera Panama started arbitration processes against Panama, the country's ministry of commerce and industry said on Saturday, as the two sides have been locked in a disagreement over payments and mine operations.  Panama's government on Monday ordered First Quantum to pause operations at its flagship Cobre Panama copper mine after the company missed a deadline to finalize a deal that would have increased payments to the government by at least $375 million.",CAD,FM.TO,"Reuters - Canadian miner First Quantum starts arbitration against Panama, says government"
fin_news_nlp/yahoo_cad_tickers_news,https://ca.finance.yahoo.com/news/2-high-yield-dividend-stocks-170000695.html,Now could be a wise time to think about building a stream of passive income. Here are two top dividend stocks to consider. The post 2 High-Yield Dividend Stocks You Could Hold for Years appeared first on The Motley Fool Canada.,CAD,FTS.TO,The Motley Fool - 2 High-Yield Dividend Stocks You Could Hold for Years
fin_news_nlp/yahoo_cad_tickers_news,https://ca.finance.yahoo.com/news/want-100-monthly-dividend-income-153000864.html,"Monthly dividend stocks on the TSX, such as Keyera, provide investors the opportunity to create a passive-income stream. The post Want $100 in Monthly Dividend Income? Invest $6,154 in These 3 Stocks appeared first on The Motley Fool Canada.",CAD,FRU.TO,"The Motley Fool - Want $100 in Monthly Dividend Income? Invest $6,154 in These 3 Stocks"
fin_news_nlp/yahoo_cad_tickers_news,https://ca.finance.yahoo.com/news/passive-income-450-month-tsx-144500670.html,Here’s how this TSX dividend stock could help you earn $450 in monthly passive income in Canada. The post Get Passive Income of $450/Month With This TSX Stock appeared first on The Motley Fool Canada.,CAD,FRU.TO,The Motley Fool - Get Passive Income of $450/Month With This TSX Stock
fin_news_nlp/yahoo_cad_tickers_news,https://ca.finance.yahoo.com/news/ig-wealth-management-enhances-diversification-222600177.html,IG Wealth Management today announced the addition of new sub-advisors to the iProfile International Equity Private Pool. These changes reflect the firm's ongoing commitment to continually review and enhance its portfolio solutions line-up by leveraging proven third-party asset managers to help deliver enhanced performance for its clients.,CAD,IGM.TO,CNW Group - IG Wealth Management Enhances Diversification in iProfile Managed Solutions with Sub-Advisor Additions
fin_news_nlp/yahoo_cad_tickers_news,https://ca.finance.yahoo.com/news/invesco-canada-announces-final-cash-231500316.html,"Invesco Canada Ltd. (""Invesco"") today announced the final December 2022 cash distributions for its exchange-traded funds (ETFs). Estimated monthly and quarterly cash distribution rates were announced by Invesco Canada on December 20, 2022. Unitholders of record on December 29, 2022 will receive cash distributions payable on January 9, 2023.",CAD,QQCE.TO,CNW Group - Invesco Canada announces final cash and annual reinvested distributions for its ETFs
fin_news_nlp/yahoo_cad_tickers_news,https://ca.finance.yahoo.com/news/2-terrific-bets-beat-market-143000438.html,Restaurant Brands International (TSX:QSR) stock and another underrated defensive play seem tempting ahead of a recession year. The post 2 Terrific Bets to Beat the Market in the New Year appeared first on The Motley Fool Canada.,CAD,JWEL.TO,The Motley Fool - 2 Terrific Bets to Beat the Market in the New Year
fin_news_nlp/yahoo_cad_tickers_news,https://ca.finance.yahoo.com/news/3-rising-growth-stocks-d-154500342.html,These growth stocks have climbed double digits in the last few months -- way more than we can say for the TSX. The post 3 Rising Growth Stocks I’d Still Buy Before 2023 appeared first on The Motley Fool Canada.,CAD,L.TO,The Motley Fool - 3 Rising Growth Stocks I’d Still Buy Before 2023
fin_news_nlp/yahoo_cad_tickers_news,https://ca.finance.yahoo.com/news/magna-international-inc-tse-mg-141021053.html,"Magna International (TSE:MG) has had a rough month with its share price down 8.4%. We, however decided to study the...",CAD,MG.TO,Simply Wall St. - Is Magna International Inc.'s (TSE:MG) Recent Price Movement Underpinned By Its Weak Fundamentals?
fin_news_nlp/yahoo_cad_tickers_news,https://ca.finance.yahoo.com/news/3-top-returning-tsx-stocks-154500260.html,TSX stocks: Can this year's winners keep the momentum in 2023? The post 3 Top-Returning TSX Stocks of 2022: Are They Still Smart Buys Today? appeared first on The Motley Fool Canada.,CAD,MAXR.TO,The Motley Fool - 3 Top-Returning TSX Stocks of 2022: Are They Still Smart Buys Today?
fin_news_nlp/yahoo_cad_tickers_news,https://ca.finance.yahoo.com/news/heres-mullen-groups-tse-mtl-133853956.html,It looks like Mullen Group Ltd. ( TSE:MTL ) is about to go ex-dividend in the next 4 days. The ex-dividend date is one...,CAD,MTL.TO,Simply Wall St. - Here's What We Like About Mullen Group's (TSE:MTL) Upcoming Dividend
fin_news_nlp/yahoo_cad_tickers_news,https://ca.finance.yahoo.com/news/beginner-investors-4-top-canadian-163000213.html,New to investing and want to start earning passive income in 2023? Here's a four-stock starter portfolio to buy and hold for the long term. The post Beginner Investors: 4 Top Canadian Dividend Stocks for 2023 appeared first on The Motley Fool Canada.,CAD,NPI.TO,The Motley Fool - Beginner Investors: 4 Top Canadian Dividend Stocks for 2023
fin_news_nlp/yahoo_cad_tickers_news,https://ca.finance.yahoo.com/news/miravo-healthcare-enters-definitive-agreement-221000981.html,"MISSISSAUGA, Ontario & MONTREAL, Quebec, December 23, 2022--Nuvo Pharmaceuticals Inc. d/b/a Miravo Healthcare (TSX:MRV; OTCQX:MRVFF) (""Miravo"" or the ""Company"") and Searchlight Pharma Inc., a private Canadian-based specialty healthcare company (""Searchlight"" or the ""Purchaser""), are pleased to announce that they have entered into a definitive agreement (the ""Arrangement Agreement"") pursuant to which the Purchaser has agreed to acquire all of the issued and outstanding common shares of the Compan",CAD,MRV.TO,Business Wire - Miravo Healthcare™ Enters into Definitive Agreement to be Acquired by Searchlight Pharma Inc.
fin_news_nlp/yahoo_cad_tickers_news,https://ca.finance.yahoo.com/news/orea-bolsters-board-management-team-123000337.html,"Orea Mining Corp. (""Orea"") (TSX: OREA) (OTCQX: OREAF) (FSE: 3CG). As a result of its recently completed agreement to acquire 100% ownership of the Montagne d'Or 5-million-ounce gold deposit, Orea is pleased to announce management and director changes. Montagne d'Or is a permitting stage, open pit gold mine development project with good grade, excellent metallurgy, and considerable potential to increase ounces by infill and expansion drilling. *",CAD,OREA.TO,CNW Group - Orea Bolsters Board and Management Team to Focus on 5M oz Montagne d'Or Gold Deposit
fin_news_nlp/yahoo_cad_tickers_news,https://ca.finance.yahoo.com/news/earn-100-month-safe-passive-151500420.html,One way to get $100 per month in passive income is with monthly paying dividend stocks like Pembina Pipeline (TSX:PPL). The post How to Earn $100/Month in Safe Passive Income appeared first on The Motley Fool Canada.,CAD,PPL.TO,The Motley Fool - How to Earn $100/Month in Safe Passive Income
fin_news_nlp/yahoo_cad_tickers_news,https://ca.finance.yahoo.com/news/buy-peyto-exploration-development-corp-122837530.html,Readers hoping to buy Peyto Exploration & Development Corp. ( TSE:PEY ) for its dividend will need to make their move...,CAD,PEY.TO,Simply Wall St. - Should You Buy Peyto Exploration & Development Corp. (TSE:PEY) For Its Upcoming Dividend?
fin_news_nlp/yahoo_cad_tickers_news,https://ca.finance.yahoo.com/news/worth-considering-power-corporation-canada-130009032.html,Power Corporation of Canada ( TSE:POW ) stock is about to trade ex-dividend in 4 days. The ex-dividend date is one...,CAD,POW.TO,Simply Wall St. - Is It Worth Considering Power Corporation of Canada (TSE:POW) For Its Upcoming Dividend?
fin_news_nlp/yahoo_cad_tickers_news,https://ca.finance.yahoo.com/news/richelieu-hardware-ltd-announce-normal-220000617.html,"Richelieu Hardware Ltd. (TSX: RCH) (""Richelieu"" or the ""Corporation"") hereby confirms having received, from the TSX, the authorization to renew its normal course issuer bid (the ""Bid""). In accordance with the Bid, the Corporation intends to repurchase, for cancellation purposes, some of its common shares through the facilities of the Toronto Stock Exchange or Alternative Canadian Trading Systems.",CAD,RCH.TO,CNW Group - RICHELIEU HARDWARE LTD. ANNOUNCE NORMAL COURSE ISSUER BID
fin_news_nlp/yahoo_cad_tickers_news,https://ca.finance.yahoo.com/news/those-invested-ritchie-bros-auctioneers-130353914.html,Ritchie Bros. Auctioneers Incorporated ( NYSE:RBA ) shareholders might be concerned after seeing the share price drop...,CAD,RBA.TO,Simply Wall St. - Those who invested in Ritchie Bros. Auctioneers (NYSE:RBA) five years ago are up 105%
fin_news_nlp/yahoo_cad_tickers_news,https://ca.finance.yahoo.com/news/4-little-known-canadian-small-213000033.html,"Investors should look to snatch up underrated, Canadian, small-cap stocks like Mainstreet Equity Corp. (TSX:MEQ) and others right now. The post 4 Little-Known, Canadian, Small-Cap Gems You’ll Want to Buy Before Everyone Else Does appeared first on The Motley Fool Canada.",CAD,RSI.TO,"The Motley Fool - 4 Little-Known, Canadian, Small-Cap Gems You’ll Want to Buy Before Everyone Else Does"
fin_news_nlp/yahoo_cad_tickers_news,https://ca.finance.yahoo.com/news/rubellite-energy-inc-reports-third-234100186.html,"(TSX: RBY) – Rubellite Energy Inc. (""Rubellite"", or the ""Company""), a pure play Clearwater oil exploration and development company, is pleased to report third quarter 2022 financial and operating results and provide an operations and land acquisition update.",CAD,RBY.TO,CNW Group - RUBELLITE ENERGY INC. REPORTS THIRD QUARTER 2022 FINANCIAL AND OPERATING RESULTS AND PROVIDES OPERATIONS AND LAND ACQUISITION UPDATE
fin_news_nlp/yahoo_cad_tickers_news,https://ca.finance.yahoo.com/news/savaria-tse-sis-pay-dividend-142928623.html,Savaria Corporation ( TSE:SIS ) will pay a dividend of CA$0.0433 on the 13th of January. This means the annual payment...,CAD,SIS.TO,Simply Wall St. - Savaria (TSE:SIS) Will Pay A Dividend Of CA$0.0433
fin_news_nlp/yahoo_cad_tickers_news,https://ca.finance.yahoo.com/news/better-buy-shopify-entire-tsx-161500843.html,"Shopify Inc. (TSX:SHOP) stock proved explosive during the pandemic, but I’m much more comfortable tracking the TSX in the near future. The post Better Buy: Shopify or the Entire TSX? appeared first on The Motley Fool Canada.",CAD,SHOP.TO,The Motley Fool - Better Buy: Shopify or the Entire TSX?
fin_news_nlp/yahoo_cad_tickers_news,https://ca.finance.yahoo.com/news/3-checks-buying-sienna-senior-123000998.html,Sienna Senior Living Inc. ( TSE:SIA ) stock is about to trade ex-dividend in 4 days. The ex-dividend date is one...,CAD,SIA.TO,Simply Wall St. - Do These 3 Checks Before Buying Sienna Senior Living Inc. (TSE:SIA) For Its Upcoming Dividend
fin_news_nlp/yahoo_cad_tickers_news,https://ca.finance.yahoo.com/news/stantec-inc-tse-stn-recent-140259682.html,"If you want to know who really controls Stantec Inc. ( TSE:STN ), then you'll have to look at the makeup of its share...",CAD,STN.TO,"Simply Wall St. - Stantec Inc.'s (TSE:STN) recent 3.1% pullback adds to one-year year losses, institutional owners may take drastic measures"
fin_news_nlp/yahoo_cad_tickers_news,https://ca.finance.yahoo.com/news/1-canadian-energy-stock-d-160000592.html,"Suncor Energy Inc (TSX:SU) has fallen a lot since July. Is it still a buy? The post The 1 Canadian Energy Stock I’d Buy, Even if Oil Prices Stay Low appeared first on The Motley Fool Canada.",CAD,SU.TO,"The Motley Fool - The 1 Canadian Energy Stock I’d Buy, Even if Oil Prices Stay Low"
fin_news_nlp/yahoo_cad_tickers_news,https://ca.finance.yahoo.com/news/suncor-energy-provides-acquisition-tecks-230000498.html,"Calgary, Alberta--(Newsfile Corp. - December 23, 2022) - Suncor Energy (TSX: SU) (NYSE: SU) (""Suncor"") announces that it has been made aware of an application that has been filed today by TotalEnergies EP Canada Ltd. (""Total"") in the Court of King's Bench of Alberta related to the validity of the right of first refusal notice (""ROFR Notice"") delivered to it by Teck Resources Limited (""Teck"") in connection with the sale of Teck's 21.3% interest ...",CAD,SU.TO,Newsfile - Suncor Energy Provides Update on Acquisition of Teck's Interest in Fort Hills
fin_news_nlp/yahoo_cad_tickers_news,https://ca.finance.yahoo.com/news/heres-why-were-wary-buying-135809854.html,Superior Plus Corp. ( TSE:SPB ) stock is about to trade ex-dividend in four days. The ex-dividend date is usually set...,CAD,SPB.TO,Simply Wall St. - Here's Why We're Wary Of Buying Superior Plus' (TSE:SPB) For Its Upcoming Dividend
fin_news_nlp/yahoo_cad_tickers_news,https://ca.finance.yahoo.com/news/taiga-building-products-ltd-tse-133614749.html,Taiga Building Products (TSE:TBL) has had a great run on the share market with its stock up by a significant 19% over...,CAD,TBL.TO,Simply Wall St. - Taiga Building Products Ltd.'s (TSE:TBL) Stock Is Going Strong: Is the Market Following Fundamentals?
fin_news_nlp/yahoo_cad_tickers_news,https://ca.finance.yahoo.com/news/why-might-interested-tamarack-valley-134637943.html,"Tamarack Valley Energy Ltd. ( TSE:TVE ) is about to trade ex-dividend in the next 4 days. Typically, the ex-dividend...",CAD,TVE.TO,Simply Wall St. - Why You Might Be Interested In Tamarack Valley Energy Ltd. (TSE:TVE) For Its Upcoming Dividend
fin_news_nlp/yahoo_cad_tickers_news,https://ca.finance.yahoo.com/news/most-actively-traded-companies-toronto-215601624.html,"TORONTO — Some of the most active companies traded Friday on the Toronto Stock Exchange: Toronto Stock Exchange (19,506.65, up 156.99): TC Energy Corp. (TSX:TRP). Energy. Up $1.26, or 2.33 per cent, to $55.35 on 14.7 million shares. Canadian Imperial Bank of Commerce. (TSX:CM). Financials. Down 60 cents, or 1.09 per cent, to $54.72 on 7.7 million shares. Suncor Energy Inc. (TSX:SU). Energy. Up $1.40, or 3.38 per cent, to 442.81 on 6.6 million shares. Athabasca Oil Corp. (TSX:ATH). Energy. Up 20",CAD,TRP.TO, - Most actively traded companies on the Toronto Stock Exchange
fin_news_nlp/yahoo_cad_tickers_news,https://ca.finance.yahoo.com/news/td-asset-management-inc-announces-173400956.html,"TD Asset Management Inc. (""TDAM"") today announced the December cash distributions for the TD Exchange-Traded Funds (each, a ""TD ETF"" and collectively, the ""TD ETFs"") listed below. Unitholders of record as at December 30, 2022 will receive a cash distribution per unit of the applicable TD ETF that will be payable on January 6, 2023, as indicated below:",CAD,TGED.TO,CNW Group - TD Asset Management Inc. Announces TD ETF Distributions
fin_news_nlp/yahoo_cad_tickers_news,https://ca.finance.yahoo.com/news/tilray-brands-inc-tlry-stock-231511679.html,"Tilray Brands, Inc. (TLRY) closed at $2.79 in the latest trading session, marking a -0.36% move from the prior day.",CAD,TLRY.TO,"Zacks - Tilray Brands, Inc. (TLRY) Stock Sinks As Market Gains: What You Should Know"
fin_news_nlp/yahoo_cad_tickers_news,https://ca.finance.yahoo.com/news/1-oversold-dividend-stock-yielding-190000897.html,"This oversold dividend stock doesn't deserve the share price it has today, which is why now is the best time to buy and lock up its ultra-high yield. The post 1 Oversold Dividend Stock (Yielding 8.5%) to Buy Before the New Year appeared first on The Motley Fool Canada.",CAD,RNW.TO,The Motley Fool - 1 Oversold Dividend Stock (Yielding 8.5%) to Buy Before the New Year
fin_news_nlp/yahoo_cad_tickers_news,https://ca.finance.yahoo.com/news/institutions-own-40-trisura-group-122706109.html,Every investor in Trisura Group Ltd. ( TSE:TSU ) should be aware of the most powerful shareholder groups. And the group...,CAD,TSU.TO,Simply Wall St. - Institutions own 40% of Trisura Group Ltd. (TSE:TSU) shares but individual investors control 58% of the company
fin_news_nlp/yahoo_cad_tickers_news,https://ca.finance.yahoo.com/news/earnings-growth-outpaced-favorable-50-124154617.html,The simplest way to invest in stocks is to buy exchange traded funds. But one can do better than that by picking better...,CAD,VET.TO,Simply Wall St. - Earnings growth outpaced the favorable 50% return delivered to Vermilion Energy (TSE:VET) shareholders over the last year
fin_news_nlp/yahoo_cad_tickers_news,https://ca.finance.yahoo.com/news/tfsa-top-2023-2-dividend-163000382.html,"Fortis (TSX:FTS) and Waste Connections (TSX:WCN) are defensive growth plays with juicy dividends right here. The post TFSA Top-Up 2023: 2 Dividend Stocks I’d Buy With an Extra $6,500 appeared first on The Motley Fool Canada.",CAD,WCN.TO,"The Motley Fool - TFSA Top-Up 2023: 2 Dividend Stocks I’d Buy With an Extra $6,500"
fin_news_nlp/yahoo_cad_tickers_news,https://ca.finance.yahoo.com/news/whitecap-resources-inc-tse-wcp-141830918.html,"Readers hoping to buy Whitecap Resources Inc. ( TSE:WCP ) for its dividend will need to make their move shortly, as the...",CAD,WCP.TO,"Simply Wall St. - Whitecap Resources Inc. (TSE:WCP) Looks Like A Good Stock, And It's Going Ex-Dividend Soon"
fin_news_nlp/yahoo_cad_tickers_news,https://ca.finance.yahoo.com/news/wonderfi-technologies-inc-establishes-atm-224800137.html,"Vancouver, British Columbia--(Newsfile Corp. - December 23, 2022) - WonderFi Technologies Inc. (TSX: WNDR) (OTCQB: WONDF) (WKN: A3C166) (FTX: WNDR) (""WonderFi"" or the ""Company"") is pleased to announce that it has established an at-the-market equity program (the ""ATM Program"") that allows the Company to distribute up to $10,000,000 of common shares in the capital of the Company (the ""Common Shares"") to the public from time to time, at the Company's discretion and subject to ...",CAD,WNDR.TO,Newsfile - WonderFi Technologies Inc. Establishes ATM Program
fin_news_nlp/yahoo_cad_tickers_news,https://ca.finance.yahoo.com/news/anacortes-mining-grants-stock-options-210000073.html,"Vancouver, British Columbia--(Newsfile Corp. - December 23, 2022) - Anacortes Mining Corp. (TSXV: XYZ) (OTCQX: XYZFF) (“Anacortes” or the “Company”) announces that, effective December 23, 2022, Anacortes has granted options to purchase an aggregate of 1,950,000 common shares in its capital to the following persons: 850,000 to its independent directors, 250,000 options to its Chief Executive Officer, 250,000 options to its Chief Financial Officer, 200,000 options to a senior employee, 200,000 to",CAD,XYZ.V,Newsfile - Anacortes Mining Grants Stock Options
fin_news_nlp/yahoo_cad_tickers_news,https://ca.finance.yahoo.com/news/aris-mining-files-national-instrument-215800619.html,"Aris Mining Corporation (Aris Mining or the Company) (TSX: ARIS) (OTCQX: TPRFF) announces it has filed an updated Preliminary Feasibility Study technical report for its Marmato expansion project pursuant to National Instrument 43-101 Standards of Disclosure for Mineral Projects (the Technical Report). The Technical Report has an effective date of June 30, 2022, and supports the disclosure made by the Company in its November 14, 2022 news release. The Technical Report is available on Aris Mining'",CAD,ARIS.TO,CNW Group - ARIS MINING FILES NATIONAL INSTRUMENT 43-101 TECHNICAL REPORT FOR ITS UPDATED MARMATO EXPANSION PFS
fin_news_nlp/yahoo_cad_tickers_news,https://ca.finance.yahoo.com/news/income-investors-look-total-energy-125528874.html,"Some investors rely on dividends for growing their wealth, and if you're one of those dividend sleuths, you might be...",CAD,TOT.TO,Simply Wall St. - Should Income Investors Look At Total Energy Services Inc. (TSE:TOT) Before Its Ex-Dividend?
fin_news_nlp/yahoo_cad_tickers_news,https://ca.finance.yahoo.com/news/fire-flower-announces-third-quarter-120200524.html,"Fire & Flower Holdings Corp. (""Fire & Flower"" or the ""Company"") (TSX: FAF) (OTCQX: FFLWF), today announced its financial and operational results for the fiscal 2022 third quarter ended October 29, 2022.",CAD,FAF.TO,CNW Group - Fire & Flower Announces Third Quarter Fiscal 2022 Financial and Operational Results
fin_news_nlp/yahoo_cad_tickers_news,https://ca.finance.yahoo.com/news/great-week-centerra-gold-inc-100824922.html,"If you want to know who really controls Centerra Gold Inc. ( TSE:CG ), then you'll have to look at the makeup of its...",CAD,CG.TO,Simply Wall St. - Great week for Centerra Gold Inc. (TSE:CG) institutional investors after losing 24% over the previous year
fin_news_nlp/yahoo_cad_tickers_news,https://ca.finance.yahoo.com/news/ca-57-27-mty-food-102412461.html,"While MTY Food Group Inc. ( TSE:MTY ) might not be the most widely known stock at the moment, it received a lot of...",CAD,MTY.TO,"Simply Wall St. - At CA$57.27, Is MTY Food Group Inc. (TSE:MTY) Worth Looking At Closely?"
fin_news_nlp/yahoo_cad_tickers_news,https://ca.finance.yahoo.com/news/carlsberg-acquire-waterloo-brewing-cash-030000589.html,"Waterloo Brewing Ltd. (TSX: WBR) – (""Waterloo Brewing"" or the ""Company"") announced today that it has entered into a definitive arrangement agreement (the ""Arrangement Agreement"") with Carlsberg Group (""Carlsberg"") pursuant to which Carlsberg has agreed to acquire all of the issued and outstanding shares of Waterloo Brewing (""Waterloo Brewing Shares""), by way of a statutory plan of arrangement (""Plan of Arrangement"") under the Business Corporations Act (Ontario) (""Transaction""). Under the terms o",CAD,WBR.TO,CNW Group - CARLSBERG TO ACQUIRE WATERLOO BREWING IN AN ALL-CASH C$144 MILLION TRANSACTION
fin_news_nlp/yahoo_cad_tickers_news,https://ca.finance.yahoo.com/news/independent-director-cae-inc-tse-101054120.html,"Whilst it may not be a huge deal, we thought it was good to see that the CAE Inc. ( TSE:CAE ) Independent Director...",CAD,CAE.TO,"Simply Wall St. - The Independent Director of CAE Inc. (TSE:CAE), Mary Lou Maher, Just Bought 44% More Shares"
fin_news_nlp/yahoo_cad_tickers_news,https://ca.finance.yahoo.com/news/celestica-inc-tse-cls-favoured-124446250.html,"To get a sense of who is truly in control of Celestica Inc. ( TSE:CLS ), it is important to understand the ownership...",CAD,CLS.TO,Simply Wall St. - Celestica Inc. (TSE:CLS) is favoured by institutional owners who hold 62% of the company
fin_news_nlp/yahoo_cad_tickers_news,https://ca.finance.yahoo.com/news/diversified-royalty-corp-tse-div-115203978.html,Diversified Royalty (TSE:DIV) has had a great run on the share market with its stock up by a significant 10% over the...,CAD,DIV.TO,Simply Wall St. - Has Diversified Royalty Corp.'s (TSE:DIV) Impressive Stock Performance Got Anything to Do With Its Fundamentals?
fin_news_nlp/yahoo_cad_tickers_news,https://ca.finance.yahoo.com/news/aegis-brands-announces-notice-convert-201700657.html,"Aegis Brands Inc. (""Aegis"" or the ""Company"") (TSX: AEG) announces that it will convert the Company's 11.0% convertible unsecured subordinated debentures (the ""Debentures"") into common shares of the Company (""Common Shares""). The conversion of the Debentures will expand Aegis' shareholder base, will strengthen Aegis' Balance Sheet, and will better position the Company for further growth.",CAD,AEG.TO,"CNW Group - AEGIS BRANDS ANNOUNCES NOTICE TO CONVERT 11% CONVERTIBLE DEBENTURES DUE NOVEMBER 17, 2027 AND REPRICING OF STOCK OPTIONS"
fin_news_nlp/yahoo_cad_tickers_news,https://ca.finance.yahoo.com/news/north-west-company-inc-tse-133925803.html,North West (TSE:NWC) has had a great run on the share market with its stock up by a significant 12% over the last three...,CAD,NWC.TO,Simply Wall St. - Is The North West Company Inc.'s (TSE:NWC) Latest Stock Performance A Reflection Of Its Financial Health?
fin_news_nlp/yahoo_cad_tickers_news,https://ca.finance.yahoo.com/news/estimating-intrinsic-value-ovintiv-inc-133406955.html,Today we'll do a simple run through of a valuation method used to estimate the attractiveness of Ovintiv Inc. ( TSE:OVV...,CAD,OVV.TO,Simply Wall St. - Estimating The Intrinsic Value Of Ovintiv Inc. (TSE:OVV)
fin_news_nlp/yahoo_cad_tickers_news,https://ca.finance.yahoo.com/news/sleep-country-canada-holdings-inc-140636929.html,"From what we can see, insiders were net buyers in Sleep Country Canada Holdings Inc.'s ( TSE:ZZZ ) during the past 12...",CAD,ZZZ.TO,Simply Wall St. - Sleep Country Canada Holdings Inc. (TSE:ZZZ) insider upped their holding by 11% earlier this year
fin_news_nlp/yahoo_cad_tickers_news,https://ca.finance.yahoo.com/news/plunging-29-8-4-weeks-143502364.html,"The heavy selling pressure might have exhausted for BlackBerry (BB) as it is technically in oversold territory now. In addition to this technical measure, strong agreement among Wall Street analysts in revising earnings estimates higher indicates that the stock is ripe for a trend reversal.",CAD,BB.TO,"Zacks - After Plunging 29.8% in 4 Weeks, Here's Why the Trend Might Reverse for BlackBerry (BB)"
fin_news_nlp/yahoo_cad_tickers_news,https://ca.finance.yahoo.com/news/top-tsx-stock-2023-beyond-133000471.html,Here’s why I find this amazing TSX stock worth buying for 2023 and beyond. The post Here’s My Top TSX Stock for 2023 and Beyond appeared first on The Motley Fool Canada.,CAD,BB.TO,The Motley Fool - Here’s My Top TSX Stock for 2023 and Beyond
fin_news_nlp/yahoo_cad_tickers_news,https://ca.finance.yahoo.com/news/cogeco-inc-cogeco-communications-inc-200100475.html,"Cogeco Inc. (TSX: CGO) and Cogeco Communications Inc. (TSX: CCA) plan to release their financial results for the first quarter of fiscal 2023, ending November 30, 2022, on Thursday, January 12, 2023, after market closing.",CAD,CGO.TO,CNW Group - Cogeco Inc. and Cogeco Communications Inc. Schedule the Release of Their Financial Results for the First Quarter of Fiscal 2023 and Related Conference Call
fin_news_nlp/yahoo_cad_tickers_news,https://ca.finance.yahoo.com/news/know-beyond-why-energy-fuels-140002950.html,"Energy Fuels (UUUU) has received quite a bit of attention from Zacks.com users lately. Therefore, it is wise to be aware of the facts that can impact the stock's prospects.",CAD,EFR.TO,Zacks - Here is What to Know Beyond Why Energy Fuels Inc (UUUU) is a Trending Stock
fin_news_nlp/yahoo_cad_tickers_news,https://ca.finance.yahoo.com/news/recent-price-trend-neovasc-nvcn-135001183.html,"Neovasc (NVCN) could be a great choice for investors looking to make a profit from fundamentally strong stocks that are currently on the move. It is one of the several stocks that made it through our ""Recent Price Strength"" screen.",CAD,NVCN.TO,"Zacks - Recent Price Trend in Neovasc (NVCN) is Your Friend, Here's Why"
fin_news_nlp/yahoo_cad_tickers_news,https://ca.finance.yahoo.com/news/growth-investor-1-stock-could-144502365.html,"Whether you're a value, growth, or momentum investor, finding strong stocks becomes easier with the Zacks Style Scores, a top feature of the Zacks Premium research service.",CAD,QSR.TO,Zacks - Are You a Growth Investor? This 1 Stock Could Be the Perfect Pick
fin_news_nlp/yahoo_cad_tickers_news,https://ca.finance.yahoo.com/news/review-rbcs-13-5b-takeover-150000339.html,"TORONTO — Royal Bank of Canada's proposed $13.5-billion takeover of HSBC Bank Canada will face scrutiny from Canada's competition watchdogs in the year ahead, but critics say their leash is too short while efforts in the U.S. point to potential ways of doing it better. The proposed deal comes amid a widespread rethink in how corporate consolidation has been treated for decades, with potential new rules in the works both in Canada and the U.S. Current Canadian laws generally don't challenge an ac",CAD,RY.TO,The Canadian Press - Review of RBC's $13.5B takeover of HSBC Canada shows limits to system: critics
fin_news_nlp/yahoo_cad_tickers_news,https://ca.finance.yahoo.com/news/superior-plus-tse-spb-pay-143748150.html,Superior Plus Corp.'s ( TSE:SPB ) investors are due to receive a payment of CA$0.06 per share on 16th of January. Based...,CAD,SPB.TO,Simply Wall St. - Superior Plus (TSE:SPB) Will Pay A Dividend Of CA$0.06
fin_news_nlp/yahoo_cad_tickers_news,https://ca.finance.yahoo.com/news/3-great-dividend-stocks-buy-160000469.html,Here are three of the best under-$100 dividend stocks you can buy in Canada right now. The post 3 Great Dividend Stocks You Can Buy for Less Than $100 appeared first on The Motley Fool Canada.,CAD,BNS.TO,The Motley Fool - 3 Great Dividend Stocks You Can Buy for Less Than $100
fin_news_nlp/yahoo_cad_tickers_news,https://ca.finance.yahoo.com/news/best-tsx-stocks-invest-1-150000749.html,"Here are two of the best TSX stocks you can buy with as little as $1,000 now. The post The Best TSX Stocks to Invest $1,000 in Right Now appeared first on The Motley Fool Canada.",CAD,NVEI.TO,"The Motley Fool - The Best TSX Stocks to Invest $1,000 in Right Now"
fin_news_nlp/yahoo_cad_tickers_news,https://ca.finance.yahoo.com/news/500-buy-170-shares-growing-153000500.html,"This growth stock continues to rise higher and higher, but you may have forgotten that it's also a solid dividend stock you can lock up today! The post To Get $500 a Year, Buy 170 Shares in This Growing Dividend Stock appeared first on The Motley Fool Canada.",CAD,QSR.TO,"The Motley Fool - To Get $500 a Year, Buy 170 Shares in This Growing Dividend Stock"
fin_news_nlp/yahoo_cad_tickers_news,https://ca.finance.yahoo.com/news/makes-blackberry-bb-buy-stock-170005858.html,"BlackBerry (BB) might move higher on growing optimism about its earnings prospects, which is reflected by its upgrade to a Zacks Rank #2 (Buy).",CAD,BB.TO,Zacks - What Makes BlackBerry (BB) a New Buy Stock
fin_news_nlp/yahoo_cad_tickers_news,https://ca.finance.yahoo.com/news/ensign-energy-services-inc-tse-190705275.html,"Ensign Energy Services Inc. ( TSE:ESI ) is possibly approaching a major achievement in its business, so we would like...",CAD,ESI.TO,Simply Wall St. - Ensign Energy Services Inc. (TSE:ESI) About To Shift From Loss To Profit
fin_news_nlp/yahoo_cad_tickers_news,https://ca.finance.yahoo.com/news/1-canadas-first-quantum-ceo-185816974.html,"The Chief Executive Officer of Canadian miner First Quantum Minerals met Panama's commerce and industry minister on Monday to discuss disagreements over the firm's copper operations in the country, a person familiar with the matter said.  First Quantum CEO Tristan Pascall flew to Panama over Christmas to attend the meeting in person with the minister, Federico Alfaro, according to the source, who said further talks are planned.  A spokesperson for First Quantum declined to comment.",CAD,FM.TO, - UPDATE 1-Canada's First Quantum CEO holds talks with Panama minister: source
fin_news_nlp/yahoo_cad_tickers_news,https://ca.finance.yahoo.com/news/canadas-first-quantum-ceo-panama-183559936.html,"PANAMA CITY (Reuters) -The Chief Executive Officer of Canadian miner First Quantum Minerals met Panama's commerce and industry minister on Monday to discuss disagreements over the firm's copper operations in the country, a person familiar with the matter said.  First Quantum CEO Tristan Pascall flew to Panama over Christmas to attend the meeting in person with the minister, Federico Alfaro, according to the source, who said further talks are planned.  The commerce and industry ministry did not immediately reply to a request for comment.",CAD,FM.TO,Reuters - Canada's First Quantum CEO holds talks with Panama minister: source
fin_news_nlp/yahoo_cad_tickers_news,https://www.yahoo.com/news/far-goper-unloads-marjorie-taylor-203548657.html,"Reuters/Amanda Andrade-RhoadesFar-right Rep. Andy Biggs (R-AZ) accused Rep. Marjorie Taylor Greene (R-GA) of having “crossed a Rubicon” after she slammed Republicans who intend to vote against a Rep. Kevin McCarthy (R-CA) speakership.The remarks made by Biggs come as the race for Republican House Speaker intensifies—with potshots being doled out by competing GOP factions.On one side of the divide, Republicans have a “Never Kevin Five” that includes Biggs, Rep. Bob Good (R-VA), Matt Rosendale (R-",CAD,?err=404&err_url=https%3A%2F%2Fca.finance.yahoo.com%2Fquote%2FACO.X.TO,Politics - 
fin_news_nlp/yahoo_cad_tickers_news,https://ca.finance.yahoo.com/news/southern-alliance-mining-ltd-catalist-073129054.html,Every investor in Southern Alliance Mining Ltd. ( Catalist:QNS ) should be aware of the most powerful shareholder...,CAD,ALM.V,"Simply Wall St. - Southern Alliance Mining Ltd. (Catalist:QNS) insiders seem bullish, own 78% and have been buying more recently"
fin_news_nlp/yahoo_cad_tickers_news,https://ca.finance.yahoo.com/m/24c0eb17-1b0e-32a9-ab92-781f93b3f594/blackberry-stock%3A-bear-vs..html,"BlackBerry's (NYSE: BB) stock tumbled nearly 9% on Dec. 22 following its latest earnings report. For the third quarter of fiscal 2023, which ended on Nov. 30, the cybersecurity and Internet of Things (IoT) software company's revenue fell 8% year over year to $169 million, but beat analysts' estimates by $2 million.",CAD,BB.TO,Motley Fool - BlackBerry Stock: Bear vs. Bull
fin_news_nlp/yahoo_cad_tickers_news,https://ca.finance.yahoo.com/news/analysts-just-slashed-microbix-biosystems-100716632.html,"The analysts covering Microbix Biosystems Inc. ( TSE:MBX ) delivered a dose of negativity to shareholders today, by...",CAD,MBX.TO,Simply Wall St. - Analysts Just Slashed Their Microbix Biosystems Inc. (TSE:MBX) EPS Numbers
fin_news_nlp/yahoo_cad_tickers_news,https://ca.finance.yahoo.com/news/tidewater-midstream-infrastructures-tse-twm-101319225.html,The board of Tidewater Midstream and Infrastructure Ltd. ( TSE:TWM ) has announced that it will pay a dividend of...,CAD,TWM.TO,Simply Wall St. - Tidewater Midstream and Infrastructure's (TSE:TWM) Dividend Will Be CA$0.01
fin_news_nlp/yahoo_cad_tickers_news,https://ca.finance.yahoo.com/news/baytex-energy-corp-tse-bte-121646107.html,In this article we are going to estimate the intrinsic value of Baytex Energy Corp. ( TSE:BTE ) by estimating the...,CAD,BTE.TO,Simply Wall St. - Are Baytex Energy Corp. (TSE:BTE) Investors Paying Above The Intrinsic Value?
fin_news_nlp/yahoo_cad_tickers_news,https://ca.finance.yahoo.com/news/satellite-yards-enable-ritchie-bros-120000692.html,"Last week, Ritchie Bros. conducted its largest auction ever in the Pacific Northwest, selling 3,700+ items from five locations in one online auction and generating US$50+ million in gross transaction value.",CAD,RBA.TO,CNW Group - Satellite yards enable Ritchie Bros.' largest auction ever in the Pacific Northwest
fin_news_nlp/yahoo_cad_tickers_news,https://ca.finance.yahoo.com/m/14710de0-bfd3-3831-b6f7-0fd07f9cef5e/2-e-commerce-stocks-you-can.html,"According to the Census Bureau, which tracks retail sales, e-commerce makes up less than 15% of retail sales in the U.S., even after years of double-digit growth.  This shows there's still a huge opportunity, and e-commerce is an even smaller percentage of retail sales in international markets.  Amazon has dominated the e-commerce sector since its early days and owns roughly 40% of U.S. market share thanks to its first-party business and third-party marketplace.",CAD,SHOP.TO,Motley Fool - 2 E-Commerce Stocks You Can Buy and Hold for the Next Decade
fin_news_nlp/yahoo_cad_tickers_news,https://ca.finance.yahoo.com/news/electrovaya-optimistic-solid-state-battery-130000130.html,"By Rachael Green, Benzinga",CAD,EFL.TO,News Direct - Electrovaya Is Optimistic Its Solid-State Battery Has What It Takes to Reach Commercialization Soon In Increasingly Competitive Solid-State Tech Space
fin_news_nlp/yahoo_cad_tickers_news,https://ca.finance.yahoo.com/news/satellite-yards-enable-ritchie-bros-120000731.html,"Last week, Ritchie Bros. conducted its largest auction ever in the Pacific Northwest, selling 3,700+ items from five locations in one online auction and generating US$50+ million in gross transaction value.",CAD,RBA.TO,CNW Group - Satellite yards enable Ritchie Bros.' largest auction ever in the Pacific Northwest
fin_news_nlp/yahoo_cad_tickers_news,https://ca.finance.yahoo.com/news/smartest-tsx-dividend-stocks-buy-133000849.html,Start a growing dividend income stream with the smartest TSX stocks that have clear visibility over their future payouts. The post The Smartest TSX Dividend Stocks to Buy With $400 Right Now appeared first on The Motley Fool Canada.,CAD,ALA.TO,The Motley Fool - The Smartest TSX Dividend Stocks to Buy With $400 Right Now
fin_news_nlp/yahoo_cad_tickers_news,https://ca.finance.yahoo.com/news/implied-volatility-surging-bausch-lomb-134901981.html,Investors need to pay close attention to Bausch + Lomb (BLCO) stock based on the movements in the options market lately.,CAD,BHC.TO,Zacks - Implied Volatility Surging for Bausch + Lomb (BLCO) Stock Options
fin_news_nlp/yahoo_cad_tickers_news,https://ca.finance.yahoo.com/news/tfsa-3-buy-hold-dividend-143000685.html,TD Bank (TSX:TD) and Telus (TSX:T) are dividend stocks with long-term potential for TFSA investors seeking a great deal in 2023. The post TFSA: 3 Buy-and-Hold Dividend Stocks With Massive Long-Term Potential appeared first on The Motley Fool Canada.,CAD,CM.TO,The Motley Fool - TFSA: 3 Buy-and-Hold Dividend Stocks With Massive Long-Term Potential
fin_news_nlp/yahoo_cad_tickers_news,https://ca.finance.yahoo.com/news/nutanix-ntnx-plunges-8-hpe-130601020.html,Shares of Nutanix (NTNX) fall after HPE turns down speculations that it is in discussion with the cloud computing company for a potential takeover.,CAD,CLS.TO,Zacks - Nutanix (NTNX) Plunges 8% After HPE Denies Acquisition Talk
fin_news_nlp/yahoo_cad_tickers_news,https://ca.finance.yahoo.com/news/why-1-value-stock-could-144002747.html,"Whether you're a value, growth, or momentum investor, finding strong stocks becomes easier with the Zacks Style Scores, a top feature of the Zacks Premium research service.",CAD,IMO.TO,Zacks - Why This 1 Value Stock Could Be a Great Addition to Your Portfolio
fin_news_nlp/yahoo_cad_tickers_news,https://ca.finance.yahoo.com/news/auto-roundup-mga-stla-buyout-141602356.html,Magna (MGA) inks a deal to buy Veoneer Active Safety business. Stellantis (STLA) closes aiMotive takeover and plans to acquire Symbio. CarMax (KMX) lags fiscal Q3 earnings estimates.,CAD,MG.TO,"Zacks - Auto Roundup: MGA & STLA Buyout Deals, KMX's Quarterly Results & More"
fin_news_nlp/yahoo_cad_tickers_news,https://ca.finance.yahoo.com/news/next-tsx-stock-m-going-153000682.html,There are plenty of discounted stocks on the market right now. Here’s a look at the next TSX stock that I’m looking to buy. The post Here’s the Next TSX Stock I’m Going to Buy appeared first on The Motley Fool Canada.,CAD,BCE.TO,The Motley Fool - Here’s the Next TSX Stock I’m Going to Buy
fin_news_nlp/yahoo_cad_tickers_news,https://ca.finance.yahoo.com/news/nexa-ssrm-better-value-stock-164004187.html,NEXA vs. SSRM: Which Stock Is the Better Value Option?,CAD,SSRM.TO,Zacks - NEXA or SSRM: Which Is the Better Value Stock Right Now?
fin_news_nlp/yahoo_cad_tickers_news,https://ca.finance.yahoo.com/news/maxar-stock-just-doubled-still-180000994.html,Why did Maxar stock jump to $70 last week? The post Maxar Stock Just Doubled: Is it Still a Buy Today? appeared first on The Motley Fool Canada.,CAD,MAXR.TO,The Motley Fool - Maxar Stock Just Doubled: Is it Still a Buy Today?
fin_news_nlp/yahoo_cad_tickers_news,https://ca.finance.yahoo.com/news/suncor-30-2022-energy-stock-170000983.html,Suncor stock has delivered solid gains to shareholders in 2022. Will it continue to beat the TSX in 2023 and beyond? The post Suncor Is up 30% in 2022: Is the Energy Stock Still a Buy? appeared first on The Motley Fool Canada.,CAD,SU.TO,The Motley Fool - Suncor Is up 30% in 2022: Is the Energy Stock Still a Buy?
fin_news_nlp/yahoo_cad_tickers_news,https://ca.finance.yahoo.com/news/better-buy-shopify-algonquin-stock-003000946.html,Shopify (TSX:SHOP) stock and another top Canadian juggernaut are worth considering for 2023. The post Better Buy: Shopify or Algonquin Stock? appeared first on The Motley Fool Canada.,CAD,AQN.TO,The Motley Fool - Better Buy: Shopify or Algonquin Stock?
fin_news_nlp/yahoo_cad_tickers_news,https://ca.finance.yahoo.com/news/2-overlooked-mid-cap-stocks-223000627.html,Aritzia (TSX:ATZ) and Jamieson Wellness (TSX:JWEL) stocks are mid-cap gems on the TSX Index right now. The post 2 Overlooked Mid-Cap Stocks With Promising Growth Potential appeared first on The Motley Fool Canada.,CAD,ATZ.TO,The Motley Fool - 2 Overlooked Mid-Cap Stocks With Promising Growth Potential
fin_news_nlp/yahoo_cad_tickers_news,https://ca.finance.yahoo.com/news/2-tsx-energy-stocks-still-200000001.html,Will TSX energy stocks rally next year? The post 2 TSX Energy Stocks Still Offering Immense Value appeared first on The Motley Fool Canada.,CAD,BTE.TO,The Motley Fool - 2 TSX Energy Stocks Still Offering Immense Value
fin_news_nlp/yahoo_cad_tickers_news,https://ca.finance.yahoo.com/news/2-growth-stocks-set-soar-190000545.html,These two growth stocks could provide outsized price appreciation for patient investors. One even pays a dividend yield of close to 4.9%. The post 2 Growth Stocks Set to Soar Next Bull Market: Should You Buy Now? appeared first on The Motley Fool Canada.,CAD,CTC.TO,The Motley Fool - 2 Growth Stocks Set to Soar Next Bull Market: Should You Buy Now?
fin_news_nlp/yahoo_cad_tickers_news,https://ca.finance.yahoo.com/news/celestica-cls-stock-moves-0-230011276.html,"In the latest trading session, Celestica (CLS) closed at $10.84, marking a -0.18% move from the previous day.",CAD,CLS.TO,Zacks - Celestica (CLS) Stock Moves -0.18%: What You Should Know
fin_news_nlp/yahoo_cad_tickers_news,https://ca.finance.yahoo.com/news/now-chance-buy-big-tech-203000988.html,"Tech stocks like Constellation Software (TSX:CSU) are down for the year, despite rising profits. The post Now’s Your Chance to Buy the Big Tech Stocks You Missed Out on appeared first on The Motley Fool Canada.",CAD,CSU.TO,The Motley Fool - Now’s Your Chance to Buy the Big Tech Stocks You Missed Out on
fin_news_nlp/yahoo_cad_tickers_news,https://ca.finance.yahoo.com/news/dialogue-announces-divestiture-german-ohs-230000778.html,"Dialogue Health Technologies Inc. (TSX: CARE) (""Dialogue"" or the ""Company""), Canada's premier health and wellness virtual healthcare platform, announced today that it has entered into a definitive agreement to divest its Occupational Health Safety (""OHS"") service in Germany. The transaction is expected to close on or before December 31, 2022, subject to the satisfaction of customary closing conditions.",CAD,CARE.TO,CNW Group - Dialogue Announces Divestiture of German OHS Business
fin_news_nlp/yahoo_cad_tickers_news,https://ca.finance.yahoo.com/news/retirees-3-top-tsx-stocks-213000442.html,Canadian stocks like Fortis Inc (TSX:FTS) have been paying dividends to retirees for decades. The post Retirees: 3 Top TSX Stocks to Buy for 2023 appeared first on The Motley Fool Canada.,CAD,ENB.TO,The Motley Fool - Retirees: 3 Top TSX Stocks to Buy for 2023
fin_news_nlp/yahoo_cad_tickers_news,https://ca.finance.yahoo.com/news/3-dividend-yields-investors-lock-203000462.html,Shares of these stocks trade well within value territory. There's only so long before others catch on to these ultra-high dividend yields! The post 3 Dividend Yields Investors Should Lock up Right Now appeared first on The Motley Fool Canada.,CAD,FSZ.TO,The Motley Fool - 3 Dividend Yields Investors Should Lock up Right Now
fin_news_nlp/yahoo_cad_tickers_news,https://ca.finance.yahoo.com/news/panama-canadas-first-quantum-talks-030703055.html,"Representatives for Panama's government and Canada's First Quantum Minerals are set to meet on Wednesday for a third day of talks to solve a dispute over the miner's operations in the country, according to two sources familiar with the matter.  The firm's chief executive, Tristan Pascall, flew to Panama over Christmas to attend meetings in person, though the sources did not confirm whether he was still there.  Neither the government nor First Quantum, which operates in Panama through its subsidiary Minera Panama, immediately replied to requests from Reuters for comment.",CAD,FM.TO,"Reuters - Panama, Canada's First Quantum talks to continue on Wednesday - sources"
fin_news_nlp/yahoo_cad_tickers_news,https://ca.finance.yahoo.com/news/not-too-buy-ultra-high-210000054.html,"After the major sell-off in 2022, many dividend stocks now trade ultra-cheap and offer attractive dividend yields worth locking in today. The post It’s Not Too Late to Buy These Ultra-High-Yield Dividend Stocks appeared first on The Motley Fool Canada.",CAD,FRU.TO,The Motley Fool - It’s Not Too Late to Buy These Ultra-High-Yield Dividend Stocks
fin_news_nlp/yahoo_cad_tickers_news,https://ca.finance.yahoo.com/news/goeasy-stock-buy-today-while-193000166.html,goeasy has compounded investors’ wealth and is poised to deliver stellar returns in the coming years. The post Is goeasy Stock a Buy Today While it’s Down 40% This Year? appeared first on The Motley Fool Canada.,CAD,GSY.TO,The Motley Fool - Is goeasy Stock a Buy Today While it’s Down 40% This Year?
fin_news_nlp/yahoo_cad_tickers_news,https://ca.finance.yahoo.com/news/3-dividend-stocks-d-double-210000070.html,"As capital gains are hard to achieve amid economic uncertainty, earn high yields from these dividend stocks. The post 3 Dividend Stocks I’d Double Up on Right Now appeared first on The Motley Fool Canada.",CAD,KEY.TO,The Motley Fool - 3 Dividend Stocks I’d Double Up on Right Now
fin_news_nlp/yahoo_cad_tickers_news,https://ca.finance.yahoo.com/news/1-high-growth-mining-stock-203000388.html,A high-growth stock in the mining sector is a strong buy following impressive 65% earnings growth in Q2 2023. The post 1 High-Growth Mining Stock Too Cheap to Ignore appeared first on The Motley Fool Canada.,CAD,MDI.TO,The Motley Fool - 1 High-Growth Mining Stock Too Cheap to Ignore
fin_news_nlp/yahoo_cad_tickers_news,https://ca.finance.yahoo.com/news/suncor-energy-su-gains-market-225010808.html,"Suncor Energy (SU) closed at $31.91 in the latest trading session, marking a +1.3% move from the prior day.",CAD,SU.TO,Zacks - Suncor Energy (SU) Gains As Market Dips: What You Should Know
fin_news_nlp/yahoo_cad_tickers_news,https://ca.finance.yahoo.com/m/d99fba00-2464-3cfb-b0f0-8ead758d25e3/why-pot-stocks-like-tilray.html,"Marijuana stocks both within and north of our borders took the wrong kind of hit on Tuesday.  This followed the admission from a powerful and influential marijuana reform advocate that U.S. drug laws will not see a major change anytime soon.  Canadian company Tilray Brands (NASDAQ: TLRY) saw its share price slump by nearly 6%, while Aurora Cannabis (NASDAQ: ACB) fared worse with a more-than 7% decline.",CAD,TLRY.TO,Motley Fool - Why Pot Stocks Like Tilray and Aurora Crashed Hard Today
fin_news_nlp/yahoo_cad_tickers_news,https://ca.finance.yahoo.com/news/galaxy-acquire-helios-bitcoin-mining-070000688.html,"Galaxy Digital Holdings Ltd. (TSX: GLXY) (""Galaxy"" or ""the Company""), a financial services and investment management innovator in the digital asset, cryptocurrency, and blockchain technology sectors, has agreed to acquire the Helios bitcoin mining facility and its related operations from Argo Blockchain plc (LSE: ARB; NASDAQ: ARBK) (""Argo"") for approximately $65 million.",CAD,GLXY.TO,CNW Group - Galaxy To Acquire Helios Bitcoin Mining Facility from Argo Blockchain
fin_news_nlp/yahoo_cad_tickers_news,https://ca.finance.yahoo.com/news/independent-director-charles-pellerin-just-101043437.html,Investors who take an interest in Calfrac Well Services Ltd. ( TSE:CFW ) should definitely note that the Independent...,CAD,CFW.TO,Simply Wall St. - Independent Director Charles Pellerin Just Bought 10.0% More Shares In Calfrac Well Services Ltd. (TSE:CFW)
fin_news_nlp/yahoo_cad_tickers_news,https://ca.finance.yahoo.com/m/2beb7b85-3e25-3f6e-85db-2a344465016c/4-growth-stocks-expected-to.html,"With just a few days to go before we welcome in a new year, it's a near certainty that this'll be the worst year for the broad-based S&P 500 and growth-dependent Nasdaq Composite since 2008.  As we ready to move into 2023, Wall Street expects four growth stocks to have a stellar year, with implied upside ranging from 192% to 532%.  The first supercharged growth stock with incredible upside potential in the new year, at least according to one Wall Street analyst, is China-based electric vehicle (EV) manufacturer Nio (NYSE: NIO).",CAD,TLRY.TO,"Motley Fool - 4 Growth Stocks Expected to Skyrocket in 2023, According to Wall Street"
fin_news_nlp/yahoo_cad_tickers_news,https://ca.finance.yahoo.com/news/airboss-defense-group-maddox-defense-123000525.html,"NEWMARKET, Ontario, Dec. 28, 2022 (GLOBE NEWSWIRE) -- AirBoss of America Corp. (TSX: BOS)(OTCQX:ABSSF) (the “Company” or “AirBoss”) today announced that the Defense Logistics Agency (“DLA”) has awarded an Indefinite Delivery/Indefinite Quantity (IDIQ) contract valued at up to US$410M to Access Bio, an industry leader in medical testing and diagnostics, supported by a U.S. coalition including AirBoss Defense Group (“ADG”), Maddox Defense, and a network of US test kit component suppliers. This com",CAD,BOS.TO,GlobeNewswire - AirBoss Defense Group and Maddox Defense Partner With Access Bio to Deliver US-Made COVID Test Kits to Defense Logistics Agency
fin_news_nlp/yahoo_cad_tickers_news,https://ca.finance.yahoo.com/news/aptose-biosciences-present-biotech-showcase-123000824.html,"SAN DIEGO and TORONTO, Dec. 28, 2022 (GLOBE NEWSWIRE) -- Aptose Biosciences Inc. (Nasdaq: APTO; TSX: APS), a clinical-stage precision oncology company developing highly differentiated oral kinase inhibitors to treat hematologic malignancies, today announced that William G. Rice, Ph.D., Chairman, President and Chief Executive Officer, will participate at the upcoming Biotech Showcase™ 2023 Conference on Tuesday, January 10th, 2023, at 10:00 a.m. PST in San Francisco, CA. Conference Presentation D",CAD,APS.TO,GlobeNewswire - Aptose Biosciences to Present at Biotech Showcase™ 2023 Conference
fin_news_nlp/yahoo_cad_tickers_news,https://ca.finance.yahoo.com/news/euromax-announces-intention-complete-private-123000027.html,"Euromax Resources Ltd. (TSX: EOX): (Euromax or the Company) is pleased to announce a non-brokered private placement financing with NDX B.V. (NDX) of up to approximately 101.3 million units (the Units) of the Company at a price of C$0.04 per Unit (the Private Placement). The Company is anticipating aggregate gross proceeds of USD$3 million in connection with the Private Placement, which will be used for general corporate purposes and working capital. Notwithstanding the foregoing, the proceeds of",CAD,EOX.TO,CNW Group - Euromax Announces Intention to Complete Private Placement Financing
fin_news_nlp/yahoo_cad_tickers_news,https://ca.finance.yahoo.com/news/1-canadas-first-quantum-says-113038698.html,"Canada's First Quantum Minerals Ltd said on Wednesday its flagship Cobre Panama copper mine was currently running as normal and formal talks have resumed with the Panama government to solve a dispute over the miner's operations.  The company also said its unit Minera Panama S.A. (MPSA) was informed on Dec. 21 of a resolution requiring it to submit a plan within 10 working days of such notification to suspend commercial operations at Cobre Panama and put the mine under ""care and maintenance"".  ""MPSA is working through a number of steps to respond to the resolution, of which impact and timing are uncertain, and in order to address the complex practicalities of reducing operations of the size and scale of Cobre Panama,"" the miner said in a statement.",CAD,FM.TO, - UPDATE 1-Canada's First Quantum says no disruption to Panama ops amid dispute
fin_news_nlp/yahoo_cad_tickers_news,https://ca.finance.yahoo.com/news/franco-nevada-provides-further-cobre-110800633.html,"Franco-Nevada Corporation (""Franco-Nevada"") (TSX: FNV) (NYSE: FNV) has been advised by its partner First Quantum Minerals Ltd. (""First Quantum"") of the following updates in respect of the Cobre Panama mine:",CAD,FNV.TO,CNW Group - Franco-Nevada Provides Further Update on Cobre Panama
fin_news_nlp/yahoo_cad_tickers_news,https://ca.finance.yahoo.com/news/galaxy-acquire-helios-bitcoin-mining-070000825.html,"Galaxy Digital Holdings Ltd. (TSX: GLXY) (""Galaxy"" or ""the Company""), a financial services and investment management innovator in the digital asset, cryptocurrency, and blockchain technology sectors, has agreed to acquire the Helios bitcoin mining facility and its related operations from Argo Blockchain plc (LSE: ARB; NASDAQ: ARBK) (""Argo"") for approximately $65 million.",CAD,GLXY.TO,CNW Group - Galaxy To Acquire Helios Bitcoin Mining Facility from Argo Blockchain
fin_news_nlp/yahoo_cad_tickers_news,https://ca.finance.yahoo.com/news/mag-silver-reports-juanicipio-project-115000196.html,"Electrical Connection to the National Power Grid Complete and Energized with Full Load Commissioning UnderwayVANCOUVER, British Columbia, Dec. 28, 2022 (GLOBE NEWSWIRE) -- MAG Silver Corp. (TSX / NYSE American: MAG) (“MAG”, or the “Company”) reports that it has received confirmation from Fresnillo Plc (“Fresnillo”), the operator of the Juanicipio Project (the “Project” or “Juanicipio”), that final testing of the downstream power distribution and control systems at the Project is now complete. Th",CAD,MAG.TO,GlobeNewswire - MAG Silver Reports on the Juanicipio Project
fin_news_nlp/yahoo_cad_tickers_news,https://ca.finance.yahoo.com/news/acasti-announces-preliminary-topline-results-130000432.html,"LAVAL, Québec, Dec. 28, 2022 (GLOBE NEWSWIRE) -- Acasti Pharma Inc. (“Acasti” or the “Company”) (Nasdaq: ACST and TSX-V: ACST), a late-stage, specialty pharma company advancing three clinical stage drug candidates addressing rare and orphan diseases, announces that the preliminary topline results of the pharmacokinetic (PK) bridging study for GTX-102 met all outcome measures. The objectives of the study were to evaluate the bioavailability, pharmacokinetics, and safety of GTX-102, a novel, conce",CAD,ACST.V,"GlobeNewswire - Acasti Announces Preliminary Topline Results Met All Outcome Measures in the Pharmacokinetic Bridging Study for GTX-102, the Company’s Drug Candidate for the Treatment of Ataxia Telangiectasia"
fin_news_nlp/yahoo_cad_tickers_news,https://ca.finance.yahoo.com/news/andean-precious-metals-adds-segun-120000797.html,"Announces RSU Grant Toronto, Ontario--(Newsfile Corp. - December 28, 2022) - Andean Precious Metals Corp. (TSXV: APM) (OTCQX: ANPMF) (""Andean"" or the ""Company"") is pleased to announce that Segun Odunuga joined the Company as Executive Vice President, Finance effective December 1, 2022. ""Segun brings extensive experience in accounting and finance for public companies and will be responsible for Andean's corporate reporting and compliance,"" stated Alberto Morales, Andean's CEO and Executive Chairm",CAD,APM.V,"Newsfile - Andean Precious Metals Adds Segun Odunuga as Executive Vice President, Finance"
fin_news_nlp/yahoo_cad_tickers_news,https://ca.finance.yahoo.com/news/mesa-labs-eldorado-gold-highlighted-115111468.html,Mesa Labs and Eldorado Gold are part of the Zacks Bull and Bear of the Day article.,CAD,ELD.TO,Zacks - Mesa Labs and Eldorado Gold have been highlighted as Zacks Bull and Bear of the Day
fin_news_nlp/yahoo_cad_tickers_news,https://ca.finance.yahoo.com/news/firan-technology-group-corporation-ftg-132700439.html,"TORONTO, Dec. 28, 2022 (GLOBE NEWSWIRE) -- Firan Technology Group Corporation (TSX:FTG), a leading provider of electronic products and avionic sub-systems for the aerospace and defense markets, announced it has entered into an agreement to acquire Holaday Circuits, Inc. Holaday is based in Minnetonka, Minnesota, a suburb of Minneapolis. Holaday is a manufacturer of high technology circuit boards focused on the aerospace and defense markets. The closing of the acquisition is subject to approval b",CAD,FTG.TO,"GlobeNewswire - Firan Technology Group Corporation (“FTG”) Announces the Signing of a Definitive Agreement to Acquire Holaday Circuits, a US Based Circuit Board Company"
fin_news_nlp/yahoo_cad_tickers_news,https://ca.finance.yahoo.com/news/fresh-panama-copper-mine-talks-142352787.html,"(Bloomberg) -- Panamanian officials and the operator of a giant copper mine are back at the negotiating table after a hiatus of more than a week, with both sides saying they’re keen to reach a deal on tax payments and avoid a shutdown of the facility.Most Read from BloombergSouthwest Air Memos Showed Growing Alarm on Eve of Epic Winter StormSouth Korea Sends Drones to Kim Jong Un’s Airspace in Unprecedented MoveRussia Says Ukraine Must Surrender Even as Putin’s Army RetreatsChina Covid Surge Lea",CAD,FM.TO,Bloomberg - Fresh Panama Copper Mine Talks Offer Hope for 11th-Hour Deal
fin_news_nlp/yahoo_cad_tickers_news,https://ca.finance.yahoo.com/news/first-quantum-says-negotiations-restarted-140521187.html,"TORONTO — First Quantum Minerals Ltd. says it is back in discussions with the government of Panama over a benefits sharing agreement as it looks to avoid a shutdown of its Cobre Panamá mine. Toronto-based First Quantum said on Dec. 16 that the government had cut off talks and ordered the mine closed, but says discussions on increasing payouts from the mine restarted on Monday. The company says that for now the mine is operating as normal, but that it received formal notification on Dec. 21 that",CAD,FM.TO, - First Quantum says negotiations restarted on future of Panama mine
fin_news_nlp/yahoo_cad_tickers_news,https://ca.finance.yahoo.com/m/95fedd57-034f-37f5-ac8c-b34a0b4921d8/better-e-commerce-stock%3A.html,"E-commerce received a shot in the arm during the pandemic, and it rapidly captured market share from traditional retailers.  This regression has harmed companies like Amazon (NASDAQ: AMZN) and Shopify (NYSE: SHOP), at least in the near term.  Both companies aggressively spent to build out their platforms, warehouse logistics, and advertising, but weren't rewarded with increased market share.",CAD,SHOP.TO,Motley Fool - Better E-Commerce Stock: Amazon vs. Shopify
fin_news_nlp/yahoo_cad_tickers_news,https://ca.finance.yahoo.com/news/sienna-senior-livings-tse-sia-131051955.html,Sienna Senior Living Inc.'s ( TSE:SIA ) investors are due to receive a payment of CA$0.078 per share on 13th of...,CAD,SIA.TO,Simply Wall St. - Sienna Senior Living's (TSE:SIA) Dividend Will Be CA$0.078
fin_news_nlp/yahoo_cad_tickers_news,https://ca.finance.yahoo.com/news/top-consumer-stocks-buy-100-133000545.html,Do you want to beat the broader market? Consider buying these three consumer discretionary stocks trading under $100. The post The Top Consumer Stocks to Buy With $100 appeared first on The Motley Fool Canada.,CAD,ATZ.TO,The Motley Fool - The Top Consumer Stocks to Buy With $100
fin_news_nlp/yahoo_cad_tickers_news,https://ca.finance.yahoo.com/news/passive-income-3-dividend-stocks-143000694.html,Top TSX dividend stocks are now on sale. The post Passive Income: 3 Dividend Stocks That Are Too Cheap to Ignore appeared first on The Motley Fool Canada.,CAD,CM.TO,The Motley Fool - Passive Income: 3 Dividend Stocks That Are Too Cheap to Ignore
fin_news_nlp/yahoo_cad_tickers_news,https://ca.finance.yahoo.com/news/1-enbridge-resolves-unplanned-outages-162044917.html,"Enbridge Inc's Texas Eastern gas pipeline system on Wednesday lifted a force majeure event on its Lebanon Compressor Station in Ohio following a series of unplanned outages last week, the company posted on its website.  The pipeline system had experienced similar outages at its Five Points, Ohio and Armagh, Pennsylvania compressor stations last week, which have now been resolved.",CAD,ENB.TO, - UPDATE 1-Enbridge resolves unplanned outages on its Texas Eastern gas line
fin_news_nlp/yahoo_cad_tickers_news,https://ca.finance.yahoo.com/news/value-investors-buy-huron-consulting-144002937.html,"Here at Zacks, our focus is on the proven Zacks Rank system, which emphasizes earnings estimates and estimate revisions to find great stocks. Nevertheless, we are always paying attention to the latest value, growth, and momentum trends to underscore strong picks.",CAD,ISV.TO,Zacks - Should Value Investors Buy Huron Consulting Group (HURN) Stock?
fin_news_nlp/yahoo_cad_tickers_news,https://ca.finance.yahoo.com/news/does-major-drilling-group-international-163732712.html,"Investors are often guided by the idea of discovering 'the next big thing', even if that means buying 'story stocks...",CAD,MDI.TO,Simply Wall St. - Does Major Drilling Group International (TSE:MDI) Deserve A Spot On Your Watchlist?
fin_news_nlp/yahoo_cad_tickers_news,https://ca.finance.yahoo.com/news/want-better-returns-dont-ignore-140002101.html,The Zacks Earnings ESP is a great way to find potential earnings surprises. Why investors should take advantage now.,CAD,PPL.TO,Zacks - Want Better Returns? Don't Ignore These 2 Oils-Energy Stocks Set to Beat Earnings
fin_news_nlp/yahoo_cad_tickers_news,https://ca.finance.yahoo.com/news/silver-elephant-achieves-coal-sales-143100976.html,"Vancouver, British Columbia--(Newsfile Corp. - December 28, 2022) - Silver Elephant Mining Corp. (TSX: ELEF) (OTCQX: SILEF) (FSE: 1P2) (""Silver Elephant"" or ""the Company"") announces that, further to news release dated November 21, 2022, it has received US$73,000 as part of the total proceeds from the sale of 3,166 tonnes of Ulaan Ovoo coal to China. As of today, a further batch of 3,000 tonnes of Ulaan Ovoo coal are being loaded on rail to travel south ...",CAD,ELEF.TO," - Silver Elephant Achieves Coal Sales and Delivery to China, Prepares Ulaan Ovoo Mine Restart"
fin_news_nlp/yahoo_cad_tickers_news,https://ca.finance.yahoo.com/news/adex-mining-announces-director-change-162200974.html,"TORONTO, Dec. 28, 2022 (GLOBE NEWSWIRE) -- Adex Mining Inc. (""Adex"" or the ""Company"") (TSX‐V: ADE) announces today that effective December 28, 2022, Mr. Henry Wong has resigned as a member of the board of directors of Adex (the ""Board"") and Mr. Pierre Wing Kin Sze has been appointed to the Board. The Board would like to take this opportunity to express its sincere appreciation to Mr. Wong for his valuable contributions and services to the Company. Mr. Sze is a fellow member of the Association of",CAD,ADE.V, - Adex Mining Announces Director Change
fin_news_nlp/yahoo_cad_tickers_news,https://ca.finance.yahoo.com/news/altai-announces-election-board-directors-160400190.html,"TORONTO, Dec. 28, 2022 (GLOBE NEWSWIRE) -- Altai Resources Inc. (ATI, TSX VENTURE; US SEC Rule 12g3-2(b) File # 82-2950) (the “Company”) is pleased to announce that at its annual general meeting of the shareholders held on December 23, 2022 in Toronto (the “Meeting”), Dr. Niyazi Kacira, Dr. Mehmet F. Taner, Mr. Jeffrey S. Ackert and Ms. Maria Au were elected as Directors of the Company. In the Meeting, MS Partners LLP, Chartered Professional Accountants was appointed as Auditors of the Company.",CAD,ATI.V,GlobeNewswire - Altai Announces Election of The Board of Directors
fin_news_nlp/yahoo_cad_tickers_news,https://ca.finance.yahoo.com/news/2-growth-stocks-d-buy-150000243.html,Here are two growth stocks I’d buy right now without any hesitation. The post 2 Growth Stocks I’d Buy Right Now Without Any Hesitation appeared first on The Motley Fool Canada.,CAD,CSU.TO,The Motley Fool - 2 Growth Stocks I’d Buy Right Now Without Any Hesitation
fin_news_nlp/yahoo_cad_tickers_news,https://ca.finance.yahoo.com/news/3-tsx-dividend-stocks-offering-160000249.html,A bird in the hand is worth two in the bush. Here are three dividend stocks that can boost your income with juicy yields. The post 3 TSX Dividend Stocks Offering Big Income in an Uncertain Market appeared first on The Motley Fool Canada.,CAD,EMA.TO,The Motley Fool - 3 TSX Dividend Stocks Offering Big Income in an Uncertain Market
fin_news_nlp/yahoo_cad_tickers_news,https://ca.finance.yahoo.com/news/franco-nevada-provides-further-cobre-110800015.html,"Franco-Nevada Corporation (""Franco-Nevada"") (TSX: FNV) (NYSE: FNV) has been advised by its partner First Quantum Minerals Ltd. (""First Quantum"") of the following updates in respect of the Cobre Panama mine:",CAD,FNV.TO,CNW Group - Franco-Nevada Provides Further Update on Cobre Panama
fin_news_nlp/yahoo_cad_tickers_news,https://ca.finance.yahoo.com/news/tfsa-invest-1-000-3-153000894.html,"Stocks like Vecima Networks Inc. (TSX:VCM) offer a shot at huge growth in your TFSA over the next decade. The post TFSA: Invest $1,000 in These 3 Stocks Every Month for a Real Shot at $2 Million in 10 Years appeared first on The Motley Fool Canada.",CAD,POU.TO,"The Motley Fool - TFSA: Invest $1,000 in These 3 Stocks Every Month for a Real Shot at $2 Million in 10 Years"
fin_news_nlp/yahoo_cad_tickers_news,https://ca.finance.yahoo.com/news/antioquia-gold-reports-third-quarter-165700646.html,"Calgary, Alberta--(Newsfile Corp. - December 28, 2022) - Antioquia Gold Inc. (TSXV: AGD) (OTC Pink: AGDXF) (""Antioquia Gold"" or the ""Corporation"") is pleased to announce a summary of its financial results for the third quarter ended September 30, 2022. All amounts are in Canadian dollars, unless otherwise indicated.For the third quarter of 2022, the company has shown an improvement in its financial performance in comparison to the previous period for the nine months. The Company has ...",CAD,AGD.V, - Antioquia Gold Reports Third Quarter of 2022 Financial Results
fin_news_nlp/yahoo_cad_tickers_news,https://ca.finance.yahoo.com/news/top-research-reports-meta-platforms-182406781.html,"Today's Research Daily features new research reports on 16 major stocks, including Meta Platforms, Inc. (META), Altria Group, Inc. (MO) and Applied Materials, Inc. (AMAT).",CAD,BCE.TO,"Zacks - Top Research Reports for Meta Platforms, Altria Group & Applied Materials"
fin_news_nlp/yahoo_cad_tickers_news,https://ca.finance.yahoo.com/news/oil-edges-higher-russia-bans-234913528.html,"(Bloomberg) -- Oil sustained losses as the dollar ticked higher and equity markets erased gains, easily swayed by broader market swings amid thin liquidity.Most Read from BloombergSouthwest Air Memos Showed Growing Alarm on Eve of Epic Winter StormMilan Reports 50% of Passengers on China Flights Have CovidRussia Says Ukraine Must Surrender Even as Putin’s Army RetreatsSouth Korea Sends Drones to Kim Jong Un’s Airspace in Unprecedented MoveAlameda Lent Sam Bankman-Fried $546 Million for Robinhood",CAD,CM.TO,Bloomberg - Oil Falls From Three-Week High As Wall Street Slumps
fin_news_nlp/yahoo_cad_tickers_news,https://ca.finance.yahoo.com/news/3-bargain-stocks-building-wealth-163000001.html,Want to build wealth in 2023 and beyond? Here are three bargain-priced stocks that would be perfect to buy and hold in your TFSA for years to come. The post 3 Bargain Stocks for Building Wealth in Your TFSA appeared first on The Motley Fool Canada.,CAD,CIGI.TO,The Motley Fool - 3 Bargain Stocks for Building Wealth in Your TFSA
fin_news_nlp/yahoo_cad_tickers_news,https://ca.finance.yahoo.com/news/3-reasons-growth-investors-love-174505201.html,"Descartes Systems (DSGX) possesses solid growth attributes, which could help it handily outperform the market.",CAD,DSG.TO,Zacks - 3 Reasons Growth Investors Will Love Descartes Systems (DSGX)
fin_news_nlp/yahoo_cad_tickers_news,https://ca.finance.yahoo.com/news/2-e-commerce-stocks-d-170000908.html,I would cautiously consider Shopify Inc (TSX:SHOP) and other e-commerce stocks in 2023. The post 2 E-Commerce Stocks I’d Buy Right Now (and 1 I’d Cautiously Consider) appeared first on The Motley Fool Canada.,CAD,SHOP.TO,The Motley Fool - 2 E-Commerce Stocks I’d Buy Right Now (and 1 I’d Cautiously Consider)
fin_news_nlp/yahoo_cad_tickers_news,https://ca.finance.yahoo.com/news/most-actively-traded-companies-toronto-214915263.html,"TORONTO — Some of the most active companies traded Wednesday on the Toronto Stock Exchange: Toronto Stock Exchange (19,284.10, down 222.55): Suncor Energy Inc. (TSX:SU). Energy. Down 29 cents, or 0.68 per cent, to $42.52 on 19.5 million shares. Bank of Nova Scotia. (TSX:BNS). Financials. Down 94 cents, or 1.42 per cent, to $65.44 on 13.1 million shares. TC Energy Corp. (TSX:TRP). Energy. Down 91 cents, or 1.64 per cent, to $54.44 on 12.0 million shares. Canadian Imperial Bank of Commerce. (TSX:C",CAD,BNS.TO, - Most actively traded companies on the Toronto Stock Exchange
fin_news_nlp/yahoo_cad_tickers_news,https://ca.finance.yahoo.com/news/2-high-yielding-dividend-stocks-190000547.html,"As we head into 2023 and a flood of uncertainty, here are two of the best high-yield dividend stocks for the long term. The post 2 High-Yielding Dividend Stocks You Can Buy and Hold for Years appeared first on The Motley Fool Canada.",CAD,ENB.TO,The Motley Fool - 2 High-Yielding Dividend Stocks You Can Buy and Hold for Years
fin_news_nlp/yahoo_cad_tickers_news,https://ca.finance.yahoo.com/news/vanadium-powering-renewable-energy-revolution-024500942.html,An 18-page Industry Report was recently published by eResearch Corp. (www.eresearch.com) titled “Vanadium: ...,CAD,LGO.TO, - Vanadium - Powering the Renewable Energy Revolution
fin_news_nlp/yahoo_cad_tickers_news,https://ca.finance.yahoo.com/news/loblaw-stock-keep-outperforming-2023-210000039.html,"Loblaw stock had another great year, but the valuation is getting a tad stretched versus recent historical averages. The post Loblaw Stock – Can it Keep Outperforming in 2023? appeared first on The Motley Fool Canada.",CAD,L.TO,The Motley Fool - Loblaw Stock – Can it Keep Outperforming in 2023?
fin_news_nlp/yahoo_cad_tickers_news,https://ca.finance.yahoo.com/news/osisko-provides-csa-stream-transaction-213700413.html,"MONTRÉAL, Dec. 28, 2022 (GLOBE NEWSWIRE) -- Osisko Gold Royalties Ltd (the “Corporation” or “Osisko”) (OR: TSX & NYSE) is pleased to announce that its wholly-owned subsidiary, Osisko Bermuda Limited (“OBL”), has entered into a revised binding agreement with Metals Acquisition Corp. (“MAC”) (MTAL: NYSE) with respect to the purchase of a 100% silver stream (the “Silver Stream”) on the producing CSA mine in New South Wales, Australia (“CSA” or the “Mine”) to partially fund MAC’s acquisition of the",CAD,OR.TO,GlobeNewswire - Osisko Provides Update on CSA Stream Transaction
fin_news_nlp/yahoo_cad_tickers_news,https://ca.finance.yahoo.com/news/pan-american-silver-files-management-220800498.html,"Pan American Silver Corp. (NASDAQ: PAAS) (TSX: PAAS) (""Pan American"") today announces it has filed the management information circular (the ""Circular"") in respect of the special meeting (the ""Meeting"") of shareholders of Pan American (""Shareholders"") to be held in connection with Pan American's proposed acquisition of all of the issued and outstanding common shares of Yamana Gold Inc. (""Yamana"") and the sale by Yamana of its Canadian assets, including certain subsidiaries and partnerships which",CAD,PAAS.TO,CNW Group - Pan American Silver files Management Information Circular in connection with the proposed Arrangement with Yamana and Agnico
fin_news_nlp/yahoo_cad_tickers_news,https://ca.finance.yahoo.com/news/resolute-paper-excellence-merger-receives-220000816.html,"The Paper Excellence Group (the ""Group""), through its wholly-owned subsidiary Domtar Corporation (""Domtar""), a global diversified manufacturer of pulp and specialty, printing, writing, and packaging papers, and Resolute Forest Products Inc. (""Resolute"") (NYSE: RFP) (TSX: RFP), a global forest products company, jointly announced that the Canadian Commissioner of Competition has entered into a consent agreement regarding the parties' business combination. Once the combination has been finalized, D",CAD,RFP.TO,"CNW Group - Resolute, Paper Excellence Merger Receives Canadian Competition Bureau Approval"
fin_news_nlp/yahoo_cad_tickers_news,https://ca.finance.yahoo.com/news/suncor-energy-provides-commerce-city-233100526.html,"Calgary, Alberta--(Newsfile Corp. - December 28, 2022) - Suncor Energy (TSX: SU) (NYSE: SU) today provided an update related to its Commerce City refinery. Due to the extreme and record-setting weather impacting much of the United States, including Denver, Colorado, Suncor's Commerce City refinery experienced equipment damage in the days leading up to December 24th, 2022. Consistent with our operational excellence and safe operating practice, on December 24th it was determined that ...",CAD,SU.TO,Newsfile - Suncor Energy Provides Update on Commerce City Refinery
fin_news_nlp/yahoo_cad_tickers_news,https://ca.finance.yahoo.com/news/titan-medical-announces-receipt-nasdaq-220100166.html,"TORONTO, ON, Dec. 28, 2022 (GLOBE NEWSWIRE) -- Titan Medical Inc. (Nasdaq: TMDI; TSX: TMD) (the “Company”), a medical device company focused on the development and commercialization of innovative surgical technologies for single access robotic-assisted surgery (RAS), today announced that, on December 27, 2022, the Nasdaq Listing Qualifications Staff (the “Staff”) notified the Company that, based upon the Company’s non-compliance with the minimum bid price requirement set forth in Nasdaq Listing",CAD,TMD.TO,GlobeNewswire - Titan Medical Announces Receipt of Nasdaq Listing Determination;  Company to Request Hearing
fin_news_nlp/yahoo_cad_tickers_news,https://ca.finance.yahoo.com/news/yamana-announces-filing-public-availability-215900897.html,"TORONTO, Dec. 28, 2022 (GLOBE NEWSWIRE) -- Yamana Gold Inc. (TSX:YRI; NYSE:AUY; LSE:AUY) (“Yamana” or the “Company”) is pleased to announce that the management information circular (the “Information Circular”) and related meeting and proxy materials in connection with the special meeting of shareholders (the “Yamana Meeting”) scheduled to be held on January 31, 2023 has been filed and made publicly available. The purpose of the Yamana Meeting is to seek approval for the previously announced arra",CAD,YRI.TO,GlobeNewswire - Yamana Announces Filing and Public Availability of Management Information Circular in Connection With the Proposed Arrangement With Agnico Eagle and Pan American
fin_news_nlp/yahoo_cad_tickers_news,https://ca.finance.yahoo.com/news/bengal-energy-ltd-tse-bng-101050187.html,Multiple insiders secured a larger position in Bengal Energy Ltd. ( TSE:BNG ) shares over the last 12 months. This is...,CAD,BNG.TO,Simply Wall St. - Bengal Energy Ltd. (TSE:BNG) insiders placed bullish bets worth CA$3.3m in the last 12 months
